sample_id	cohort
barcode01	fang
barcode02	fang
barcode03	fang
barcode04	fang
barcode05	fang
barcode06	fang
barcode07	fang
barcode08	fang
barcode09	fang
barcode10	fang
barcode11	fang
barcode12	fang
barcode13	fang
barcode14	fang
barcode15	fang
barcode16	fang
barcode17	fang
barcode18	fang
barcode19	fang
barcode20	fang
barcode21	fang
barcode22	fang
barcode23	fang
barcode24	fang
barcode25	fang
barcode26	fang
barcode27	fang
barcode28	fang
barcode29	fang
barcode30	fang
barcode31	fumoz
barcode32	fumoz
barcode33	fumoz
barcode34	fumoz
barcode35	fumoz
barcode36	fumoz
barcode37	fumoz
barcode38	fumoz
barcode39	fumoz
barcode40	fumoz
barcode41	fumoz
barcode42	fumoz
barcode43	fumoz
barcode44	fumoz
barcode45	fumoz
barcode46	fumoz
barcode47	fumoz
barcode48	fumoz
barcode49	fumoz
barcode50	fumoz
barcode51	fumoz
barcode52	fumoz
barcode53	fumoz
barcode54	fumoz
barcode55	fumoz
barcode56	fumoz
barcode57	fumoz
barcode58	fumoz
barcode59	fumoz
barcode60	fumoz
barcode61	field
barcode62	field
barcode63	field
barcode64	field
barcode65	field
barcode66	field
barcode67	field
barcode68	field
barcode69	field
barcode70	field
barcode71	field
barcode72	field
barcode73	field
barcode74	field
barcode75	field
barcode76	field
barcode77	field
barcode78	field
barcode79	field
barcode80	field
barcode81	field
barcode82	field
barcode83	field
barcode84	field
barcode85	field
barcode86	field
barcode87	field
barcode88	field
barcode89	field
barcode90	field
barcode91	field
barcode92	field
barcode93	field
barcode94	field
barcode95	field
barcode96	field
