sample_id	cohort	fq1
barcode01	fang	resources/reads/ONT_OPT/fastq/barcode01.fastq.gz
barcode02	fang	resources/reads/ONT_OPT/fastq/barcode02.fastq.gz
barcode03	fang	resources/reads/ONT_OPT/fastq/barcode03.fastq.gz
barcode04	fang	resources/reads/ONT_OPT/fastq/barcode04.fastq.gz
barcode05	fang	resources/reads/ONT_OPT/fastq/barcode05.fastq.gz
barcode06	fang	resources/reads/ONT_OPT/fastq/barcode06.fastq.gz
barcode07	fang	resources/reads/ONT_OPT/fastq/barcode07.fastq.gz
barcode08	fang	resources/reads/ONT_OPT/fastq/barcode08.fastq.gz
barcode09	fang	resources/reads/ONT_OPT/fastq/barcode09.fastq.gz
barcode10	fang	resources/reads/ONT_OPT/fastq/barcode10.fastq.gz
barcode11	fang	resources/reads/ONT_OPT/fastq/barcode11.fastq.gz
barcode12	fang	resources/reads/ONT_OPT/fastq/barcode12.fastq.gz
barcode13	fang	resources/reads/ONT_OPT/fastq/barcode13.fastq.gz
barcode14	fang	resources/reads/ONT_OPT/fastq/barcode14.fastq.gz
barcode15	fang	resources/reads/ONT_OPT/fastq/barcode15.fastq.gz
barcode16	fang	resources/reads/ONT_OPT/fastq/barcode16.fastq.gz
barcode17	fang	resources/reads/ONT_OPT/fastq/barcode17.fastq.gz
barcode18	fang	resources/reads/ONT_OPT/fastq/barcode18.fastq.gz
barcode19	fang	resources/reads/ONT_OPT/fastq/barcode19.fastq.gz
barcode20	fang	resources/reads/ONT_OPT/fastq/barcode20.fastq.gz
barcode21	fang	resources/reads/ONT_OPT/fastq/barcode21.fastq.gz
barcode22	fang	resources/reads/ONT_OPT/fastq/barcode22.fastq.gz
barcode23	fang	resources/reads/ONT_OPT/fastq/barcode23.fastq.gz
barcode24	fang	resources/reads/ONT_OPT/fastq/barcode24.fastq.gz
barcode25	fang	resources/reads/ONT_OPT/fastq/barcode25.fastq.gz
barcode26	fang	resources/reads/ONT_OPT/fastq/barcode26.fastq.gz
barcode27	fang	resources/reads/ONT_OPT/fastq/barcode27.fastq.gz
barcode28	fang	resources/reads/ONT_OPT/fastq/barcode28.fastq.gz
barcode29	fang	resources/reads/ONT_OPT/fastq/barcode29.fastq.gz
barcode30	fang	resources/reads/ONT_OPT/fastq/barcode30.fastq.gz
barcode31	fumoz	resources/reads/ONT_OPT/fastq/barcode31.fastq.gz
barcode32	fumoz	resources/reads/ONT_OPT/fastq/barcode32.fastq.gz
barcode33	fumoz	resources/reads/ONT_OPT/fastq/barcode33.fastq.gz
barcode34	fumoz	resources/reads/ONT_OPT/fastq/barcode34.fastq.gz
barcode35	fumoz	resources/reads/ONT_OPT/fastq/barcode35.fastq.gz
barcode36	fumoz	resources/reads/ONT_OPT/fastq/barcode36.fastq.gz
barcode37	fumoz	resources/reads/ONT_OPT/fastq/barcode37.fastq.gz
barcode38	fumoz	resources/reads/ONT_OPT/fastq/barcode38.fastq.gz
barcode39	fumoz	resources/reads/ONT_OPT/fastq/barcode39.fastq.gz
barcode40	fumoz	resources/reads/ONT_OPT/fastq/barcode40.fastq.gz
barcode41	fumoz	resources/reads/ONT_OPT/fastq/barcode41.fastq.gz
barcode42	fumoz	resources/reads/ONT_OPT/fastq/barcode42.fastq.gz
barcode43	fumoz	resources/reads/ONT_OPT/fastq/barcode43.fastq.gz
barcode44	fumoz	resources/reads/ONT_OPT/fastq/barcode44.fastq.gz
barcode45	fumoz	resources/reads/ONT_OPT/fastq/barcode45.fastq.gz
barcode46	fumoz	resources/reads/ONT_OPT/fastq/barcode46.fastq.gz
barcode47	fumoz	resources/reads/ONT_OPT/fastq/barcode47.fastq.gz
barcode48	fumoz	resources/reads/ONT_OPT/fastq/barcode48.fastq.gz
barcode49	fumoz	resources/reads/ONT_OPT/fastq/barcode49.fastq.gz
barcode50	fumoz	resources/reads/ONT_OPT/fastq/barcode50.fastq.gz
barcode51	fumoz	resources/reads/ONT_OPT/fastq/barcode51.fastq.gz
barcode52	fumoz	resources/reads/ONT_OPT/fastq/barcode52.fastq.gz
barcode53	fumoz	resources/reads/ONT_OPT/fastq/barcode53.fastq.gz
barcode54	fumoz	resources/reads/ONT_OPT/fastq/barcode54.fastq.gz
barcode55	fumoz	resources/reads/ONT_OPT/fastq/barcode55.fastq.gz
barcode56	fumoz	resources/reads/ONT_OPT/fastq/barcode56.fastq.gz
barcode57	fumoz	resources/reads/ONT_OPT/fastq/barcode57.fastq.gz
barcode58	fumoz	resources/reads/ONT_OPT/fastq/barcode58.fastq.gz
barcode59	fumoz	resources/reads/ONT_OPT/fastq/barcode59.fastq.gz
barcode60	fumoz	resources/reads/ONT_OPT/fastq/barcode60.fastq.gz
barcode61	field	resources/reads/ONT_OPT/fastq/barcode61.fastq.gz
barcode62	field	resources/reads/ONT_OPT/fastq/barcode62.fastq.gz
barcode63	field	resources/reads/ONT_OPT/fastq/barcode63.fastq.gz
barcode64	field	resources/reads/ONT_OPT/fastq/barcode64.fastq.gz
barcode65	field	resources/reads/ONT_OPT/fastq/barcode65.fastq.gz
barcode66	field	resources/reads/ONT_OPT/fastq/barcode66.fastq.gz
barcode67	field	resources/reads/ONT_OPT/fastq/barcode67.fastq.gz
barcode68	field	resources/reads/ONT_OPT/fastq/barcode68.fastq.gz
barcode69	field	resources/reads/ONT_OPT/fastq/barcode69.fastq.gz
barcode70	field	resources/reads/ONT_OPT/fastq/barcode70.fastq.gz
barcode71	field	resources/reads/ONT_OPT/fastq/barcode71.fastq.gz
barcode72	field	resources/reads/ONT_OPT/fastq/barcode72.fastq.gz
barcode73	field	resources/reads/ONT_OPT/fastq/barcode73.fastq.gz
barcode74	field	resources/reads/ONT_OPT/fastq/barcode74.fastq.gz
barcode75	field	resources/reads/ONT_OPT/fastq/barcode75.fastq.gz
barcode76	field	resources/reads/ONT_OPT/fastq/barcode76.fastq.gz
barcode77	field	resources/reads/ONT_OPT/fastq/barcode77.fastq.gz
barcode78	field	resources/reads/ONT_OPT/fastq/barcode78.fastq.gz
barcode79	field	resources/reads/ONT_OPT/fastq/barcode79.fastq.gz
barcode80	field	resources/reads/ONT_OPT/fastq/barcode80.fastq.gz
barcode81	field	resources/reads/ONT_OPT/fastq/barcode81.fastq.gz
barcode82	field	resources/reads/ONT_OPT/fastq/barcode82.fastq.gz
barcode83	field	resources/reads/ONT_OPT/fastq/barcode83.fastq.gz
barcode84	field	resources/reads/ONT_OPT/fastq/barcode84.fastq.gz
barcode85	field	resources/reads/ONT_OPT/fastq/barcode85.fastq.gz
barcode86	field	resources/reads/ONT_OPT/fastq/barcode86.fastq.gz
barcode87	field	resources/reads/ONT_OPT/fastq/barcode87.fastq.gz
barcode88	field	resources/reads/ONT_OPT/fastq/barcode88.fastq.gz
barcode89	field	resources/reads/ONT_OPT/fastq/barcode89.fastq.gz
barcode90	field	resources/reads/ONT_OPT/fastq/barcode90.fastq.gz
barcode91	field	resources/reads/ONT_OPT/fastq/barcode91.fastq.gz
barcode92	field	resources/reads/ONT_OPT/fastq/barcode92.fastq.gz
barcode93	field	resources/reads/ONT_OPT/fastq/barcode93.fastq.gz
barcode94	field	resources/reads/ONT_OPT/fastq/barcode94.fastq.gz
barcode95	field	resources/reads/ONT_OPT/fastq/barcode95.fastq.gz
barcode96	field	resources/reads/ONT_OPT/fastq/barcode96.fastq.gz
